172.16.46.205,172.16.47.255,17,1381241512.815529000,50
172.16.46.43,224.0.0.252,17,1381241512.866902000,22
172.16.47.108,172.16.47.255,17,1381241512.960836000,50
172.16.46.112,224.0.0.252,17,1381241512.975391000,24
172.16.46.112,224.0.0.252,17,1381241512.975626000,24
172.16.46.112,172.16.47.255,17,1381241513.087010000,50
172.16.46.112,172.16.47.255,17,1381241513.087042000,50
172.16.46.112,224.0.0.252,17,1381241513.087607000,24
172.16.46.112,224.0.0.252,17,1381241513.087801000,24
172.16.46.43,172.16.47.255,17,1381241513.205332000,50
172.16.47.155,172.16.47.255,17,1381241513.206267000,50
172.16.46.112,172.16.47.255,17,1381241513.315410000,50
172.16.46.112,172.16.47.255,17,1381241513.315419000,50
172.16.46.112,224.0.0.252,17,1381241513.498114000,24
172.16.46.112,224.0.0.252,17,1381241513.498305000,24
172.16.46.201,224.0.0.252,17,1381241513.657882000,22
172.16.46.201,255.255.255.255,17,1381241513.708828000,300
172.16.46.201,224.0.0.252,17,1381241513.758170000,22
172.16.47.147,224.0.0.252,17,1381241513.779431000,22
172.16.46.201,224.0.0.252,17,1381241513.820939000,22
172.16.46.112,172.16.47.255,17,1381241513.837014000,50
172.16.46.112,172.16.47.255,17,1381241513.837045000,50
172.16.47.147,224.0.0.252,17,1381241513.879146000,22
172.16.46.201,224.0.0.252,17,1381241513.921227000,22
172.16.46.201,172.16.47.255,17,1381241513.959020000,50
172.16.46.43,172.16.47.255,17,1381241513.959417000,50
172.16.46.201,224.0.0.252,17,1381241513.983719000,22
172.16.47.213,172.16.47.255,17,1381241514.001279000,50
172.16.46.201,224.0.0.252,17,1381241514.057926000,22
172.16.46.112,172.16.47.255,17,1381241514.065055000,50
172.16.46.112,224.0.0.252,17,1381241514.065716000,24
172.16.46.112,172.16.47.255,17,1381241514.065750000,50
172.16.46.112,172.16.47.255,17,1381241514.065959000,50
172.16.46.112,172.16.47.255,17,1381241514.065977000,50
172.16.46.112,224.0.0.252,17,1381241514.066452000,24
172.16.47.147,172.16.47.255,17,1381241514.079161000,50
172.16.46.201,224.0.0.252,17,1381241514.084973000,22
172.16.46.112,172.16.47.255,17,1381241514.086839000,50
172.16.46.112,172.16.47.255,17,1381241514.086961000,50
172.16.46.112,224.0.0.252,17,1381241514.087530000,24
172.16.46.112,224.0.0.252,17,1381241514.087718000,24
172.16.46.201,224.0.0.252,17,1381241514.109868000,22
172.16.46.201,172.16.47.255,17,1381241514.122264000,50
172.16.47.226,255.255.255.255,17,1381241514.127659000,300
172.16.47.226,224.0.0.252,17,1381241514.137014000,22
172.16.46.201,224.0.0.252,17,1381241514.144915000,22
172.16.46.201,224.0.0.252,17,1381241514.158393000,22
172.16.46.201,224.0.0.252,17,1381241514.169316000,22
172.16.46.201,224.0.0.252,17,1381241514.210220000,22
172.16.46.201,224.0.0.252,17,1381241514.216328000,22
172.16.46.201,224.0.0.252,17,1381241514.245105000,22
172.16.47.226,224.0.0.252,17,1381241514.245290000,22
172.16.46.201,224.0.0.252,17,1381241514.270699000,22
172.16.46.201,172.16.47.255,17,1381241514.285813000,50
172.16.46.201,224.0.0.252,17,1381241514.323056000,22
172.16.46.201,172.16.47.255,17,1381241514.358418000,50
172.16.46.201,172.16.47.255,17,1381241514.411101000,50
172.16.46.201,172.16.47.255,17,1381241514.445446000,50
172.16.47.226,172.16.47.255,17,1381241514.449177000,50
172.16.46.201,172.16.47.255,17,1381241514.471601000,50
172.16.46.112,224.0.0.252,17,1381241514.497967000,24
172.16.46.112,224.0.0.252,17,1381241514.498146000,24
172.16.46.112,224.0.0.252,17,1381241514.498269000,24
172.16.46.112,224.0.0.252,17,1381241514.498432000,24
172.16.46.201,172.16.47.255,17,1381241514.523845000,50
172.16.46.112,172.16.47.255,17,1381241514.587548000,50
172.16.46.112,172.16.47.255,17,1381241514.587571000,50
172.16.46.201,172.16.47.255,17,1381241514.707746000,50
172.16.46.43,172.16.47.255,17,1381241514.716148000,50
172.16.46.43,224.0.0.252,17,1381241514.717184000,22
172.16.46.112,172.16.47.255,17,1381241514.815964000,50
172.16.46.112,172.16.47.255,17,1381241514.815995000,50
172.16.47.147,172.16.47.255,17,1381241514.828869000,50
172.16.46.112,172.16.47.255,17,1381241514.836655000,50
172.16.46.112,172.16.47.255,17,1381241514.837720000,50
172.16.46.201,172.16.47.255,17,1381241514.871938000,50
172.16.46.201,172.16.47.255,17,1381241515.034994000,50
172.16.47.254,172.16.0.30,17,1381241515.066307000,37
172.16.47.254,172.16.0.30,17,1381241515.066427000,45
172.16.47.254,172.16.0.30,17,1381241515.066465000,33
172.16.0.30,172.16.47.254,17,1381241515.066695000,122
172.16.0.30,172.16.47.254,17,1381241515.066727000,49
172.16.47.254,172.16.0.30,17,1381241515.066862000,34
172.16.47.254,172.16.0.30,17,1381241515.066884000,34
172.16.0.30,172.16.47.254,17,1381241515.067109000,66
172.16.0.30,172.16.47.254,17,1381241515.067129000,34
172.16.46.201,172.16.47.255,17,1381241515.107947000,50
172.16.46.43,224.0.0.252,17,1381241515.128020000,22
172.16.0.30,172.16.47.254,17,1381241515.157816000,78
172.16.47.254,74.125.135.84,6,1381241515.158302000,0
74.125.135.84,172.16.47.254,6,1381241515.158688000,0
172.16.47.254,74.125.135.84,6,1381241515.158752000,0
172.16.47.254,74.125.135.84,6,1381241515.159401000,194
74.125.135.84,172.16.47.254,6,1381241515.159653000,0
172.16.46.201,172.16.47.255,17,1381241515.160910000,50
172.16.46.201,172.16.47.255,17,1381241515.195030000,50
172.16.47.226,172.16.47.255,17,1381241515.213142000,50
172.16.46.201,172.16.47.255,17,1381241515.220794000,50
172.16.47.213,172.16.47.255,17,1381241515.229178000,50
172.16.46.201,172.16.47.255,17,1381241515.273844000,50
172.16.47.20,255.255.255.255,17,1381241515.340203000,112
172.16.47.20,255.255.255.255,17,1381241515.344708000,112
172.16.47.20,172.16.47.255,17,1381241515.344717000,112
172.16.47.213,172.16.47.255,17,1381241515.435683000,50
172.16.46.201,172.16.47.255,17,1381241515.457789000,50
172.16.46.43,172.16.47.255,17,1381241515.465648000,50
172.16.46.112,172.16.47.255,17,1381241515.563990000,50
172.16.46.112,172.16.47.255,17,1381241515.563998000,50
172.16.46.112,224.0.0.252,17,1381241515.564691000,24
172.16.46.112,224.0.0.252,17,1381241515.564876000,24
172.16.46.112,172.16.47.255,17,1381241515.567392000,50
172.16.46.112,172.16.47.255,17,1381241515.567455000,50
172.16.47.147,172.16.47.255,17,1381241515.578872000,50
172.16.46.112,172.16.47.255,17,1381241515.589558000,50
172.16.46.112,172.16.47.255,17,1381241515.589568000,50
172.16.47.84,224.0.0.252,17,1381241515.606543000,22
172.16.47.84,255.255.255.255,17,1381241515.612304000,300
172.16.46.5,255.255.255.255,17,1381241515.615498000,300
172.16.46.7,255.255.255.255,17,1381241515.615960000,300
172.16.46.3,255.255.255.255,17,1381241515.615970000,300
172.16.46.4,255.255.255.255,17,1381241515.615972000,300
172.16.46.6,255.255.255.255,17,1381241515.616298000,300
172.16.46.2,255.255.255.255,17,1381241515.617013000,300
172.16.46.9,255.255.255.255,17,1381241515.617022000,300
172.16.46.8,255.255.255.255,17,1381241515.620932000,300
172.16.46.201,172.16.47.255,17,1381241515.621801000,50
172.16.47.84,224.0.0.252,17,1381241515.638287000,22
172.16.47.84,224.0.0.252,17,1381241515.638972000,22
172.16.47.84,224.0.0.252,17,1381241515.640138000,22
172.16.47.50,172.16.47.255,17,1381241515.676068000,50
172.16.47.50,224.0.0.252,17,1381241515.677544000,22
172.16.47.84,224.0.0.252,17,1381241515.706300000,22
172.16.47.114,224.0.0.252,17,1381241515.726945000,24
172.16.47.84,224.0.0.252,17,1381241515.738363000,22
172.16.47.84,224.0.0.252,17,1381241515.739196000,22
172.16.47.84,224.0.0.252,17,1381241515.740221000,22
172.16.46.201,172.16.47.255,17,1381241515.784986000,50
74.125.135.84,172.16.47.254,6,1381241515.827897000,3554
172.16.47.254,74.125.135.84,6,1381241515.827960000,0
172.16.47.114,224.0.0.252,17,1381241515.828694000,24
172.16.47.254,74.125.135.84,6,1381241515.836829000,294
74.125.135.84,172.16.47.254,6,1381241515.837063000,0
172.16.47.226,224.0.0.252,17,1381241515.841842000,25
172.16.47.254,74.125.135.84,6,1381241515.844348000,53
74.125.135.84,172.16.47.254,6,1381241515.844659000,0
172.16.47.254,74.125.135.84,6,1381241515.844701000,61
74.125.135.84,172.16.47.254,6,1381241515.844872000,0
172.16.47.254,74.125.135.84,6,1381241515.846337000,1460
172.16.47.254,74.125.135.84,6,1381241515.846346000,801
74.125.135.84,172.16.47.254,6,1381241515.846600000,0
74.125.135.84,172.16.47.254,6,1381241515.846610000,0
172.16.46.201,172.16.47.255,17,1381241515.857784000,50
172.16.46.174,255.255.255.255,17,1381241515.875753000,114
172.16.46.174,172.16.47.255,17,1381241515.875770000,114
172.16.47.84,172.16.47.255,17,1381241515.906637000,50
172.16.46.201,172.16.47.255,17,1381241515.910806000,50
172.16.47.84,172.16.47.255,17,1381241515.938656000,50
172.16.47.84,172.16.47.255,17,1381241515.939592000,50
172.16.47.84,172.16.47.255,17,1381241515.940583000,50
172.16.46.201,172.16.47.255,17,1381241515.944746000,50
172.16.47.226,224.0.0.252,17,1381241515.946668000,25
172.16.46.201,172.16.47.255,17,1381241515.970918000,50
74.125.135.84,172.16.47.254,6,1381241515.973029000,242
172.16.46.112,224.0.0.252,17,1381241515.975150000,24
172.16.46.112,224.0.0.252,17,1381241515.975388000,24
172.16.47.226,172.16.47.255,17,1381241515.977426000,50
172.16.47.254,74.125.135.84,6,1381241516.009135000,0
74.125.135.84,172.16.47.254,6,1381241516.010005000,53
172.16.47.254,74.125.135.84,6,1381241516.010172000,0
172.16.46.201,172.16.47.255,17,1381241516.024022000,50
172.16.47.114,172.16.47.255,17,1381241516.031501000,50
172.16.47.50,224.0.0.252,17,1381241516.087287000,22
172.16.46.112,172.16.47.255,17,1381241516.088415000,50
172.16.46.112,172.16.47.255,17,1381241516.088495000,50
172.16.46.112,224.0.0.252,17,1381241516.089157000,24
172.16.46.112,224.0.0.252,17,1381241516.089381000,24
74.125.135.84,172.16.47.254,6,1381241516.175452000,2356
172.16.47.254,74.125.135.84,6,1381241516.175506000,0
172.16.47.254,172.16.0.30,17,1381241516.180192000,33
172.16.47.254,172.16.0.30,17,1381241516.180455000,45
172.16.0.30,172.16.47.254,17,1381241516.180704000,230
172.16.47.254,172.16.0.30,17,1381241516.180749000,37
172.16.47.254,172.16.0.30,17,1381241516.181084000,43
172.16.0.30,172.16.47.254,17,1381241516.181117000,237
172.16.47.254,172.16.0.30,17,1381241516.181348000,55
172.16.0.30,172.16.47.254,17,1381241516.181456000,120
172.16.47.254,172.16.0.30,17,1381241516.181568000,33
172.16.46.208,172.16.47.255,17,1381241516.181709000,40
172.16.47.254,74.125.236.111,6,1381241516.181904000,0
74.125.236.111,172.16.47.254,6,1381241516.182140000,0
172.16.47.254,74.125.236.111,6,1381241516.182176000,0
172.16.47.254,172.16.0.30,17,1381241516.182615000,33
172.16.47.254,173.194.36.36,6,1381241516.182654000,0
172.16.47.254,74.125.236.99,6,1381241516.182884000,0
172.16.0.30,172.16.47.254,17,1381241516.182892000,209
173.194.36.36,172.16.47.254,6,1381241516.182908000,0
172.16.47.254,172.16.0.30,17,1381241516.182914000,32
172.16.47.254,173.194.36.36,6,1381241516.182939000,0
172.16.47.254,172.16.0.30,17,1381241516.183069000,33
172.16.47.254,173.194.36.42,6,1381241516.183082000,0
74.125.236.99,172.16.47.254,6,1381241516.183117000,0
172.16.47.254,74.125.236.99,6,1381241516.183146000,0
172.16.47.254,173.194.36.33,6,1381241516.183299000,0
172.16.0.30,172.16.47.254,17,1381241516.183355000,112
173.194.36.42,172.16.47.254,6,1381241516.183386000,0
172.16.47.254,173.194.36.42,6,1381241516.183417000,0
172.16.0.30,172.16.47.254,17,1381241516.183426000,49
172.16.47.254,74.125.236.180,6,1381241516.183536000,0
173.194.36.33,172.16.47.254,6,1381241516.183608000,0
172.16.47.254,74.125.236.111,6,1381241516.183629000,0
172.16.47.254,173.194.36.33,6,1381241516.183657000,0
74.125.236.180,172.16.47.254,6,1381241516.183697000,0
172.16.47.254,74.125.236.180,6,1381241516.183724000,0
74.125.236.111,172.16.47.254,6,1381241516.183819000,0
172.16.47.254,74.125.236.111,6,1381241516.183832000,0
172.16.47.254,74.125.236.111,6,1381241516.184417000,190
172.16.47.254,173.194.36.36,6,1381241516.184448000,190
172.16.47.254,74.125.236.99,6,1381241516.184462000,194
172.16.47.254,173.194.36.42,6,1381241516.184499000,200
172.16.47.254,173.194.36.33,6,1381241516.184516000,386
172.16.47.254,74.125.236.180,6,1381241516.184528000,189
74.125.236.111,172.16.47.254,6,1381241516.184586000,0
173.194.36.36,172.16.47.254,6,1381241516.184649000,0
74.125.236.99,172.16.47.254,6,1381241516.184658000,0
173.194.36.42,172.16.47.254,6,1381241516.184663000,0
173.194.36.33,172.16.47.254,6,1381241516.184668000,0
74.125.236.180,172.16.47.254,6,1381241516.184673000,0
172.16.47.254,74.125.236.111,6,1381241516.184837000,190
74.125.236.111,172.16.47.254,6,1381241516.185035000,0
172.16.46.43,172.16.47.255,17,1381241516.218771000,50
172.16.0.30,172.16.47.254,17,1381241516.268994000,90
172.16.47.254,74.125.236.125,6,1381241516.269489000,0
74.125.236.125,172.16.47.254,6,1381241516.269762000,0
172.16.47.254,74.125.236.125,6,1381241516.269817000,0
172.16.47.254,74.125.236.125,6,1381241516.270470000,202
74.125.236.125,172.16.47.254,6,1381241516.270619000,0
172.16.0.30,172.16.47.254,17,1381241516.271089000,132
172.16.47.254,173.194.36.42,6,1381241516.271417000,0
173.194.36.42,172.16.47.254,6,1381241516.271615000,0
172.16.47.254,173.194.36.42,6,1381241516.271651000,0
172.16.47.254,173.194.36.42,6,1381241516.272253000,212
173.194.36.42,172.16.47.254,6,1381241516.272448000,0
172.16.0.30,172.16.47.254,17,1381241516.272939000,92
172.16.47.254,173.194.36.53,6,1381241516.273246000,0
173.194.36.53,172.16.47.254,6,1381241516.273521000,0
172.16.47.254,173.194.36.53,6,1381241516.273554000,0
172.16.47.254,173.194.36.53,6,1381241516.274070000,190
173.194.36.53,172.16.47.254,6,1381241516.274290000,0
172.16.46.112,172.16.47.255,17,1381241516.315224000,50
172.16.46.112,172.16.47.255,17,1381241516.315256000,50
172.16.47.147,224.0.0.252,17,1381241516.329944000,22
172.16.46.245,255.255.255.255,17,1381241516.351089000,178
172.16.46.205,172.16.47.255,17,1381241516.368009000,50
172.16.46.205,224.0.0.252,17,1381241516.369164000,22
172.16.47.50,172.16.47.255,17,1381241516.426077000,50
172.16.47.147,224.0.0.252,17,1381241516.429219000,22
172.16.47.108,172.16.47.255,17,1381241516.456023000,50
172.16.47.108,224.0.0.252,17,1381241516.457376000,21
172.16.46.112,224.0.0.252,17,1381241516.499755000,24
172.16.46.112,224.0.0.252,17,1381241516.499954000,24
172.16.47.147,172.16.47.255,17,1381241516.629405000,50
172.16.47.84,172.16.47.255,17,1381241516.656155000,50
172.16.47.84,172.16.47.255,17,1381241516.688053000,50
172.16.47.84,172.16.47.255,17,1381241516.689070000,50
74.125.236.111,172.16.47.254,6,1381241516.689366000,1430
172.16.47.254,74.125.236.111,6,1381241516.689422000,0
172.16.47.84,172.16.47.255,17,1381241516.690070000,50
173.194.36.42,172.16.47.254,6,1381241516.721976000,1430
172.16.47.254,173.194.36.42,6,1381241516.722031000,0
173.194.36.42,172.16.47.254,6,1381241516.722307000,2166
172.16.47.254,173.194.36.42,6,1381241516.722336000,0
172.16.47.254,173.194.36.42,6,1381241516.736597000,294
173.194.36.42,172.16.47.254,6,1381241516.736834000,0
172.16.47.254,74.125.135.125,6,1381241516.777075000,0
172.16.46.205,224.0.0.252,17,1381241516.778852000,22
173.194.36.53,172.16.47.254,6,1381241516.783425000,1430
172.16.47.254,173.194.36.53,6,1381241516.783460000,0
173.194.36.53,172.16.47.254,6,1381241516.783848000,1749
172.16.47.254,173.194.36.53,6,1381241516.783862000,0
172.16.47.114,172.16.47.255,17,1381241516.795375000,50
172.16.47.254,173.194.36.53,6,1381241516.797704000,294
173.194.36.53,172.16.47.254,6,1381241516.797932000,0
172.16.47.254,173.194.36.53,6,1381241516.803667000,53
173.194.36.42,172.16.47.254,6,1381241516.803866000,1430
172.16.47.254,173.194.36.42,6,1381241516.803907000,0
173.194.36.53,172.16.47.254,6,1381241516.803916000,0
172.16.47.254,173.194.36.53,6,1381241516.804063000,61
173.194.36.42,172.16.47.254,6,1381241516.804232000,2167
172.16.47.254,173.194.36.42,6,1381241516.804241000,0
173.194.36.53,172.16.47.254,6,1381241516.804245000,0
172.16.47.254,173.194.36.53,6,1381241516.804733000,1460
172.16.47.254,173.194.36.53,6,1381241516.804759000,592
173.194.36.53,172.16.47.254,6,1381241516.805000000,0
173.194.36.53,172.16.47.254,6,1381241516.805019000,0
172.16.47.254,173.194.36.42,6,1381241516.818915000,294
173.194.36.42,172.16.47.254,6,1381241516.819110000,0
172.16.47.254,172.16.0.30,17,1381241516.835702000,34
172.16.47.254,172.16.0.30,17,1381241516.835749000,34
172.16.0.30,172.16.47.254,17,1381241516.835946000,66
172.16.0.30,172.16.47.254,17,1381241516.835969000,34
172.16.46.112,172.16.47.255,17,1381241516.839628000,50
172.16.46.112,172.16.47.255,17,1381241516.839646000,50
173.194.36.42,172.16.47.254,6,1381241516.842747000,295
172.16.47.226,224.0.0.252,17,1381241516.853946000,22
172.16.47.226,224.0.0.252,17,1381241516.854639000,22
172.16.47.226,224.0.0.252,17,1381241516.855499000,22
172.16.47.226,224.0.0.252,17,1381241516.856321000,22
172.16.47.226,224.0.0.252,17,1381241516.858679000,22
172.16.47.226,224.0.0.252,17,1381241516.858859000,22
172.16.47.108,224.0.0.252,17,1381241516.867444000,21
172.16.47.254,173.194.36.42,6,1381241516.881084000,0
173.194.36.53,172.16.47.254,6,1381241516.902167000,226
74.125.135.125,172.16.47.254,6,1381241516.919667000,0
173.194.36.42,172.16.47.254,6,1381241516.922508000,311
172.16.47.254,173.194.36.53,6,1381241516.941086000,0
173.194.36.53,172.16.47.254,6,1381241516.941317000,53
172.16.47.254,173.194.36.53,6,1381241516.941459000,0
172.16.47.226,224.0.0.252,17,1381241516.960841000,22
172.16.47.226,224.0.0.252,17,1381241516.961025000,22
172.16.47.254,173.194.36.42,6,1381241516.961093000,0
172.16.47.226,224.0.0.252,17,1381241516.961194000,22
172.16.47.226,224.0.0.252,17,1381241516.961385000,22
172.16.47.226,224.0.0.252,17,1381241516.961566000,22
172.16.47.226,224.0.0.252,17,1381241516.961694000,22
172.16.46.205,172.16.47.255,17,1381241517.024651000,50
172.16.46.205,224.0.0.252,17,1381241517.025820000,22
172.16.46.112,172.16.47.255,17,1381241517.064442000,50
172.16.46.112,172.16.47.255,17,1381241517.064465000,50
172.16.46.112,224.0.0.252,17,1381241517.065051000,24
172.16.46.112,224.0.0.252,17,1381241517.065245000,24
172.16.46.112,172.16.47.255,17,1381241517.065691000,50
172.16.46.112,172.16.47.255,17,1381241517.065709000,50
172.16.46.112,172.16.47.255,17,1381241517.089432000,50
172.16.46.112,172.16.47.255,17,1381241517.089455000,50
172.16.46.112,224.0.0.252,17,1381241517.090107000,24
172.16.46.112,224.0.0.252,17,1381241517.090290000,24
172.16.46.205,172.16.47.255,17,1381241517.118381000,50
74.125.236.111,172.16.47.254,6,1381241517.157720000,2422
172.16.47.254,74.125.236.111,6,1381241517.157764000,0
172.16.47.226,172.16.47.255,17,1381241517.163841000,50
172.16.47.226,172.16.47.255,17,1381241517.164666000,50
172.16.47.226,172.16.47.255,17,1381241517.164800000,50
172.16.47.226,172.16.47.255,17,1381241517.164997000,50
172.16.47.226,172.16.47.255,17,1381241517.165114000,50
172.16.47.226,172.16.47.255,17,1381241517.165518000,50
172.16.47.254,74.125.236.111,6,1381241517.167974000,294
74.125.236.111,172.16.47.254,6,1381241517.168151000,0
172.16.47.50,172.16.47.255,17,1381241517.176969000,50
172.16.47.108,172.16.47.255,17,1381241517.207270000,50
74.125.236.180,172.16.47.254,6,1381241517.223746000,1430
172.16.47.254,74.125.236.180,6,1381241517.223802000,0
74.125.236.180,172.16.47.254,6,1381241517.223817000,1460
172.16.47.254,74.125.236.180,6,1381241517.223829000,0
74.125.236.180,172.16.47.254,6,1381241517.224190000,661
172.16.47.254,74.125.236.180,6,1381241517.224206000,0
172.16.47.254,74.125.236.180,6,1381241517.237894000,294
74.125.236.180,172.16.47.254,6,1381241517.239323000,0
74.125.236.99,172.16.47.254,6,1381241517.247248000,2860
172.16.47.254,74.125.236.99,6,1381241517.247293000,0
74.125.236.99,172.16.47.254,6,1381241517.247754000,991
172.16.47.254,74.125.236.99,6,1381241517.247781000,0
173.194.36.33,172.16.47.254,6,1381241517.256300000,173
172.16.47.254,173.194.36.33,6,1381241517.256339000,0
172.16.47.254,74.125.236.99,6,1381241517.262951000,294
74.125.236.99,172.16.47.254,6,1381241517.263184000,0
172.16.47.254,173.194.36.33,6,1381241517.265094000,219
173.194.36.33,172.16.47.254,6,1381241517.265290000,0
74.125.236.111,172.16.47.254,6,1381241517.268439000,279
172.16.47.254,74.125.236.111,6,1381241517.305132000,0
74.125.236.180,172.16.47.254,6,1381241517.334265000,279
172.16.35.35,172.16.47.90,6,1381241517.343985000,79
74.125.236.99,172.16.47.254,6,1381241517.368803000,295
172.16.47.254,74.125.236.180,6,1381241517.373086000,0
173.194.36.33,172.16.47.254,6,1381241517.375653000,53
172.16.47.147,172.16.47.255,17,1381241517.378953000,50
172.16.47.254,74.125.236.99,6,1381241517.405098000,0
172.16.47.84,172.16.47.255,17,1381241517.406143000,50
172.16.47.254,173.194.36.33,6,1381241517.413099000,0
172.16.46.205,224.0.0.252,17,1381241517.435150000,22
172.16.47.84,172.16.47.255,17,1381241517.438130000,50
172.16.47.84,172.16.47.255,17,1381241517.439113000,50
172.16.47.84,172.16.47.255,17,1381241517.440095000,50
74.125.236.125,172.16.47.254,6,1381241517.472101000,1430
172.16.47.254,74.125.236.125,6,1381241517.472162000,0
172.16.46.112,224.0.0.252,17,1381241517.500989000,24
172.16.46.112,224.0.0.252,17,1381241517.501137000,24
172.16.46.112,224.0.0.252,17,1381241517.501345000,24
172.16.46.112,224.0.0.252,17,1381241517.501475000,24
172.16.47.118,255.255.255.255,17,1381241517.505758000,112
172.16.47.118,255.255.255.255,17,1381241517.523281000,112
172.16.47.118,255.255.255.255,17,1381241517.523311000,112
172.16.47.118,172.16.47.255,17,1381241517.523483000,112
172.16.47.114,172.16.47.255,17,1381241517.559950000,50
172.16.46.112,172.16.47.255,17,1381241517.590461000,50
172.16.46.112,172.16.47.255,17,1381241517.590490000,50
173.194.36.36,172.16.47.254,6,1381241517.622161000,1430
172.16.47.254,173.194.36.36,6,1381241517.622215000,0
173.194.36.36,172.16.47.254,6,1381241517.622229000,1460
172.16.47.254,173.194.36.36,6,1381241517.622240000,0
173.194.36.36,172.16.47.254,6,1381241517.622603000,968
172.16.47.254,173.194.36.36,6,1381241517.622608000,0
74.125.236.111,172.16.47.254,6,1381241517.630410000,1430
172.16.47.254,74.125.236.111,6,1381241517.630453000,0
74.125.236.111,172.16.47.254,6,1381241517.630471000,1460
172.16.47.254,74.125.236.111,6,1381241517.630479000,0
74.125.236.111,172.16.47.254,6,1381241517.630955000,961
172.16.47.254,74.125.236.111,6,1381241517.630985000,0
172.16.47.254,173.194.36.36,6,1381241517.635131000,294
173.194.36.36,172.16.47.254,6,1381241517.635296000,0
172.16.47.254,74.125.236.111,6,1381241517.641130000,294
74.125.236.111,172.16.47.254,6,1381241517.641365000,0
173.194.36.53,172.16.47.254,6,1381241517.643641000,1789
172.16.47.254,173.194.36.53,6,1381241517.643683000,0
172.16.47.254,173.194.36.53,6,1381241517.650156000,1460
172.16.47.254,173.194.36.53,6,1381241517.650181000,863
173.194.36.53,172.16.47.254,6,1381241517.650399000,0
173.194.36.53,172.16.47.254,6,1381241517.650431000,0
173.194.36.36,172.16.47.254,6,1381241517.735056000,226
74.125.236.111,172.16.47.254,6,1381241517.738314000,226
172.16.47.254,173.194.36.36,6,1381241517.773114000,0
173.194.36.36,172.16.47.254,6,1381241517.773387000,53
172.16.47.254,173.194.36.36,6,1381241517.773423000,0
172.16.46.205,172.16.47.255,17,1381241517.775978000,50
172.16.47.254,74.125.236.111,6,1381241517.777111000,0
74.125.236.111,172.16.47.254,6,1381241517.777372000,53
172.16.47.254,74.125.236.111,6,1381241517.777408000,0
172.16.46.112,172.16.47.255,17,1381241517.815560000,50
172.16.46.112,172.16.47.255,17,1381241517.815568000,50
172.16.46.112,172.16.47.255,17,1381241517.839636000,50
172.16.46.112,172.16.47.255,17,1381241517.839667000,50
172.16.46.205,172.16.47.255,17,1381241517.869016000,50
172.16.47.226,224.0.0.252,17,1381241517.874961000,22
172.16.47.226,172.16.47.255,17,1381241517.927561000,50
172.16.47.226,172.16.47.255,17,1381241517.927592000,50
172.16.47.226,172.16.47.255,17,1381241517.927596000,50
172.16.47.226,172.16.47.255,17,1381241517.927598000,50
172.16.47.226,172.16.47.255,17,1381241517.927601000,50
172.16.47.226,172.16.47.255,17,1381241517.927604000,50
172.16.47.108,172.16.47.255,17,1381241517.958463000,50
172.16.47.226,224.0.0.252,17,1381241517.959352000,22
172.16.47.213,172.16.47.255,17,1381241518.102697000,50
172.16.47.147,172.16.47.255,17,1381241518.129105000,50
172.16.47.226,172.16.47.255,17,1381241518.163122000,50
74.125.236.125,172.16.47.254,6,1381241518.275677000,2255
172.16.47.254,74.125.236.125,6,1381241518.275731000,0
172.16.47.254,74.125.236.125,6,1381241518.284797000,294
74.125.236.125,172.16.47.254,6,1381241518.284957000,0
74.125.236.125,172.16.47.254,6,1381241518.396312000,295
172.16.47.254,74.125.236.125,6,1381241518.433136000,0
172.16.46.114,255.255.255.255,17,1381241518.433948000,112
172.16.46.114,255.255.255.255,17,1381241518.440555000,112
172.16.46.114,255.255.255.255,17,1381241518.440592000,112
172.16.46.114,172.16.47.255,17,1381241518.440596000,112
172.16.46.205,172.16.47.255,17,1381241518.526412000,50
172.16.46.112,172.16.47.255,17,1381241518.562659000,50
172.16.46.112,172.16.47.255,17,1381241518.562684000,50
172.16.46.112,224.0.0.252,17,1381241518.563378000,24
172.16.46.112,224.0.0.252,17,1381241518.563614000,24
172.16.46.112,172.16.47.255,17,1381241518.568235000,50
172.16.46.112,172.16.47.255,17,1381241518.568252000,50
172.16.46.112,172.16.47.255,17,1381241518.590152000,50
172.16.46.112,172.16.47.255,17,1381241518.590170000,50
172.16.47.226,172.16.47.255,17,1381241518.691972000,50
172.16.47.226,172.16.47.255,17,1381241518.692000000,50
172.16.47.226,172.16.47.255,17,1381241518.692003000,50
172.16.47.226,172.16.47.255,17,1381241518.692052000,50
172.16.47.226,172.16.47.255,17,1381241518.692055000,50
172.16.47.226,172.16.47.255,17,1381241518.692154000,50
172.16.47.213,172.16.47.255,17,1381241518.711257000,50
172.16.47.226,224.0.0.252,17,1381241518.856765000,22
172.16.47.226,224.0.0.252,17,1381241518.858125000,22
172.16.47.226,224.0.0.252,17,1381241518.859444000,22
172.16.47.226,224.0.0.252,17,1381241518.861410000,22
172.16.47.226,224.0.0.252,17,1381241518.865108000,22
172.16.47.226,224.0.0.252,17,1381241518.865410000,22
172.16.47.66,172.16.47.255,17,1381241518.879501000,50
172.16.47.66,224.0.0.252,17,1381241518.879954000,22
172.16.47.226,172.16.47.255,17,1381241518.925942000,50
172.16.47.226,224.0.0.252,17,1381241518.957544000,22
172.16.47.226,224.0.0.252,17,1381241518.957735000,22
172.16.47.226,224.0.0.252,17,1381241518.957847000,22
172.16.47.226,224.0.0.252,17,1381241518.958059000,22
172.16.47.226,224.0.0.252,17,1381241518.973086000,22
172.16.47.226,224.0.0.252,17,1381241518.973173000,22
172.16.46.112,224.0.0.252,17,1381241518.973959000,24
172.16.46.112,224.0.0.252,17,1381241518.974045000,24
173.194.36.53,172.16.47.254,6,1381241519.030341000,128
172.16.47.254,173.194.36.53,6,1381241519.034332000,41
173.194.36.53,172.16.47.254,6,1381241519.034480000,33
172.16.47.254,173.194.36.53,6,1381241519.036243000,1460
172.16.47.254,173.194.36.53,6,1381241519.036269000,624
173.194.36.53,172.16.47.254,6,1381241519.036535000,0
172.16.46.112,172.16.47.255,17,1381241519.091470000,50
172.16.46.112,172.16.47.255,17,1381241519.091503000,50
172.16.46.112,224.0.0.252,17,1381241519.092165000,24
172.16.46.112,224.0.0.252,17,1381241519.092358000,24
172.16.47.226,172.16.47.255,17,1381241519.160566000,50
172.16.47.226,172.16.47.255,17,1381241519.160921000,50
172.16.47.226,172.16.47.255,17,1381241519.160947000,50
172.16.47.226,172.16.47.255,17,1381241519.161280000,50
172.16.47.226,172.16.47.255,17,1381241519.176082000,50
172.16.47.226,172.16.47.255,17,1381241519.176105000,50
172.16.47.66,224.0.0.252,17,1381241519.289156000,22
172.16.46.112,172.16.47.255,17,1381241519.313702000,50
172.16.46.112,172.16.47.255,17,1381241519.313751000,50
172.16.47.213,172.16.47.255,17,1381241519.333796000,50
172.16.47.226,224.0.0.252,17,1381241519.475313000,22
172.16.46.112,224.0.0.252,17,1381241519.502499000,24
172.16.46.112,224.0.0.252,17,1381241519.502688000,24
172.16.47.226,224.0.0.252,17,1381241519.582492000,22
172.16.47.66,172.16.47.255,17,1381241519.628840000,50
172.16.47.226,172.16.47.255,17,1381241519.691377000,50
172.16.47.247,172.16.47.255,17,1381241519.783635000,50
172.16.47.247,224.0.0.252,17,1381241519.784529000,22
172.16.47.226,172.16.47.255,17,1381241519.786986000,50
172.16.46.112,172.16.47.255,17,1381241519.841222000,50
172.16.46.112,172.16.47.255,17,1381241519.842189000,50
173.194.36.53,172.16.47.254,6,1381241519.860959000,111
172.16.47.254,173.194.36.53,6,1381241519.897090000,0
172.16.47.226,172.16.47.255,17,1381241519.910756000,50
172.16.47.226,172.16.47.255,17,1381241519.910776000,50
172.16.47.226,172.16.47.255,17,1381241519.910779000,50
172.16.47.226,172.16.47.255,17,1381241519.910894000,50
172.16.47.226,172.16.47.255,17,1381241519.926309000,50
172.16.47.226,172.16.47.255,17,1381241519.926426000,50
173.194.36.53,172.16.47.254,6,1381241519.960532000,4096
172.16.47.254,173.194.36.53,6,1381241519.960581000,0
173.194.36.53,172.16.47.254,6,1381241519.961480000,118
172.16.47.254,173.194.36.53,6,1381241519.961509000,0
173.194.36.53,172.16.47.254,6,1381241520.051880000,1430
172.16.47.254,173.194.36.53,6,1381241520.051923000,0
173.194.36.53,172.16.47.254,6,1381241520.058789000,2860
172.16.47.254,173.194.36.53,6,1381241520.058829000,0
173.194.36.53,172.16.47.254,6,1381241520.058851000,2920
172.16.47.254,173.194.36.53,6,1381241520.058860000,0
173.194.36.53,172.16.47.254,6,1381241520.059274000,1183
172.16.47.254,173.194.36.53,6,1381241520.059294000,0
173.194.36.53,172.16.47.254,6,1381241520.059302000,1460
172.16.47.254,173.194.36.53,6,1381241520.059309000,0
173.194.36.53,172.16.47.254,6,1381241520.059491000,2920
172.16.47.254,173.194.36.53,6,1381241520.059507000,0
173.194.36.53,172.16.47.254,6,1381241520.059696000,1340
172.16.47.254,173.194.36.53,6,1381241520.059709000,0
173.194.36.53,172.16.47.254,6,1381241520.059716000,1460
172.16.47.254,173.194.36.53,6,1381241520.059722000,0
172.16.47.254,172.16.0.30,17,1381241520.059880000,34
172.16.47.254,172.16.0.30,17,1381241520.059967000,34
173.194.36.53,172.16.47.254,6,1381241520.060115000,1170
172.16.0.30,172.16.47.254,17,1381241520.060125000,66
172.16.0.30,172.16.47.254,17,1381241520.060156000,34
172.16.47.254,173.194.36.53,6,1381241520.060194000,0
172.16.46.112,172.16.47.255,17,1381241520.065438000,50
172.16.46.112,172.16.47.255,17,1381241520.065457000,50
172.16.46.112,172.16.47.255,17,1381241520.065784000,50
172.16.46.112,224.0.0.252,17,1381241520.066560000,24
172.16.46.112,172.16.47.255,17,1381241520.066960000,50
172.16.46.112,224.0.0.252,17,1381241520.067599000,24
172.16.46.112,172.16.47.255,17,1381241520.092051000,50
172.16.46.112,224.0.0.252,17,1381241520.092707000,24
172.16.46.112,172.16.47.255,17,1381241520.095741000,50
172.16.46.112,224.0.0.252,17,1381241520.096514000,24
173.194.36.53,172.16.47.254,6,1381241520.157366000,1430
172.16.47.254,173.194.36.53,6,1381241520.157530000,0
173.194.36.53,172.16.47.254,6,1381241520.158214000,2860
173.194.36.53,172.16.47.254,6,1381241520.158250000,2920
172.16.47.254,173.194.36.53,6,1381241520.158303000,0
173.194.36.53,172.16.47.254,6,1381241520.158798000,1370
172.16.47.254,173.194.36.53,6,1381241520.158967000,0
172.16.46.205,172.16.47.255,17,1381241520.189813000,50
172.16.46.205,224.0.0.252,17,1381241520.190652000,22
172.16.47.247,224.0.0.252,17,1381241520.194864000,22
173.194.36.53,172.16.47.254,6,1381241520.258746000,4096
173.194.36.53,172.16.47.254,6,1381241520.258804000,7300
172.16.47.254,173.194.36.53,6,1381241520.258861000,0
173.194.36.53,172.16.47.254,6,1381241520.259316000,792
172.16.47.254,173.194.36.53,6,1381241520.259548000,0
172.16.47.254,173.194.36.53,6,1381241520.289565000,1460
172.16.47.254,173.194.36.53,6,1381241520.289577000,831
173.194.36.53,172.16.47.254,6,1381241520.289846000,0
172.16.47.193,172.16.47.255,17,1381241520.371775000,50
172.16.47.193,224.0.0.252,17,1381241520.372633000,22
172.16.47.66,172.16.47.255,17,1381241520.378839000,50
173.194.36.53,172.16.47.254,6,1381241520.485363000,184
172.16.47.114,172.16.47.255,17,1381241520.495711000,68
172.16.46.112,224.0.0.252,17,1381241520.506329000,24
172.16.46.112,224.0.0.252,17,1381241520.506505000,24
172.16.46.112,224.0.0.252,17,1381241520.506670000,24
172.16.46.112,224.0.0.252,17,1381241520.506831000,24
172.16.47.226,224.0.0.252,17,1381241520.518872000,22
172.16.47.254,173.194.36.53,6,1381241520.525058000,0
172.16.47.247,172.16.47.255,17,1381241520.538113000,50
172.16.47.226,172.16.47.255,17,1381241520.550259000,50
172.16.47.254,173.194.36.42,6,1381241520.576968000,0
172.16.47.254,173.194.36.42,6,1381241520.577208000,0
173.194.36.42,172.16.47.254,6,1381241520.577456000,0
172.16.47.254,173.194.36.42,6,1381241520.577477000,0
172.16.47.254,173.194.36.42,6,1381241520.577714000,212
173.194.36.42,172.16.47.254,6,1381241520.577871000,0
172.16.46.112,172.16.47.255,17,1381241520.591972000,50
172.16.46.112,172.16.47.255,17,1381241520.592807000,50
172.16.46.205,224.0.0.252,17,1381241520.601059000,22
172.16.47.226,224.0.0.252,17,1381241520.613163000,22
172.16.47.226,224.0.0.252,17,1381241520.618051000,22
172.16.47.226,172.16.47.255,17,1381241520.675074000,50
172.16.47.226,172.16.47.255,17,1381241520.675093000,50
172.16.47.226,172.16.47.255,17,1381241520.675096000,50
172.16.47.226,172.16.47.255,17,1381241520.675121000,50
172.16.47.226,172.16.47.255,17,1381241520.690616000,50
172.16.47.226,172.16.47.255,17,1381241520.690646000,50
172.16.47.226,224.0.0.252,17,1381241520.722393000,22
172.16.47.193,224.0.0.252,17,1381241520.782737000,22
172.16.47.226,172.16.47.255,17,1381241520.816054000,50
172.16.46.112,172.16.47.255,17,1381241520.816148000,50
172.16.46.112,172.16.47.255,17,1381241520.817094000,50
172.16.46.112,172.16.47.255,17,1381241520.842053000,50
172.16.46.112,172.16.47.255,17,1381241520.846152000,50
172.16.47.226,172.16.47.255,17,1381241520.925300000,50
172.16.46.205,172.16.47.255,17,1381241520.940205000,50
173.194.36.42,172.16.47.254,6,1381241521.096670000,1430
172.16.47.254,173.194.36.42,6,1381241521.096692000,0
173.194.36.42,172.16.47.254,6,1381241521.097124000,2168
172.16.47.254,173.194.36.42,6,1381241521.097131000,0
172.16.47.254,173.194.36.42,6,1381241521.103335000,294
173.194.36.42,172.16.47.254,6,1381241521.103471000,0
172.16.47.254,173.194.36.42,6,1381241521.103625000,53
172.16.47.254,173.194.36.42,6,1381241521.103687000,61
173.194.36.42,172.16.47.254,6,1381241521.103775000,0
173.194.36.42,172.16.47.254,6,1381241521.103859000,0
172.16.47.254,173.194.36.42,6,1381241521.103935000,495
173.194.36.42,172.16.47.254,6,1381241521.104105000,0
172.16.47.193,172.16.47.255,17,1381241521.122708000,50
173.194.36.42,172.16.47.254,6,1381241521.200066000,311
172.16.47.254,173.194.36.42,6,1381241521.237093000,0
172.16.47.114,172.16.47.255,17,1381241521.257155000,68
172.16.47.247,172.16.47.255,17,1381241521.288166000,50
172.16.47.226,172.16.47.255,17,1381241521.314678000,50
17.172.232.209,172.16.46.234,6,1381241521.387585000,37
17.172.232.209,172.16.46.234,6,1381241521.387600000,0
172.16.46.43,255.255.255.255,17,1381241521.425850000,145
172.16.46.43,255.255.255.255,17,1381241521.439037000,145
172.16.46.43,172.16.47.255,17,1381241521.439056000,145
172.16.46.43,255.255.255.255,17,1381241521.439363000,145
172.16.47.72,224.0.0.252,17,1381241521.441692000,22
172.16.47.72,255.255.255.255,17,1381241521.446563000,300
172.16.46.9,255.255.255.255,17,1381241521.449909000,300
172.16.46.4,255.255.255.255,17,1381241521.449934000,300
172.16.46.6,255.255.255.255,17,1381241521.450185000,300
172.16.46.2,255.255.255.255,17,1381241521.450431000,300
172.16.46.8,255.255.255.255,17,1381241521.451320000,300
172.16.46.3,255.255.255.255,17,1381241521.451864000,300
172.16.46.7,255.255.255.255,17,1381241521.453132000,300
172.16.46.5,255.255.255.255,17,1381241521.455883000,300
172.16.47.108,172.16.47.255,17,1381241521.455939000,50
172.16.47.108,224.0.0.252,17,1381241521.457326000,21
172.16.47.72,224.0.0.252,17,1381241521.542290000,22
172.16.46.112,172.16.47.255,17,1381241521.565107000,50
172.16.46.112,172.16.47.255,17,1381241521.565114000,50
172.16.46.112,224.0.0.252,17,1381241521.565747000,24
172.16.46.112,224.0.0.252,17,1381241521.565930000,24
172.16.46.112,172.16.47.255,17,1381241521.566757000,50
172.16.46.112,172.16.47.255,17,1381241521.567715000,50
172.16.47.226,172.16.47.255,17,1381241521.579848000,50
172.16.46.112,172.16.47.255,17,1381241521.592726000,50
172.16.46.112,172.16.47.255,17,1381241521.597883000,50
173.194.36.42,172.16.47.254,6,1381241521.682193000,305
172.16.47.254,173.194.36.42,6,1381241521.682214000,0
172.16.47.226,172.16.47.255,17,1381241521.689143000,50
172.16.46.205,172.16.47.255,17,1381241521.690765000,50
172.16.47.72,172.16.47.255,17,1381241521.742563000,50
172.16.47.254,74.125.236.180,6,1381241521.773242000,0
172.16.47.254,74.125.236.180,6,1381241521.773439000,0
74.125.236.180,172.16.47.254,6,1381241521.773639000,0
172.16.47.254,74.125.236.180,6,1381241521.773658000,0
172.16.47.254,74.125.236.180,6,1381241521.773878000,189
74.125.236.180,172.16.47.254,6,1381241521.774061000,0
172.16.47.254,74.125.236.99,6,1381241521.789167000,0
172.16.47.254,74.125.236.99,6,1381241521.789389000,0
172.16.47.254,173.194.36.33,6,1381241521.789516000,0
74.125.236.99,172.16.47.254,6,1381241521.789583000,0
172.16.47.254,74.125.236.99,6,1381241521.789602000,0
172.16.47.254,173.194.36.33,6,1381241521.789683000,0
172.16.47.254,74.125.236.99,6,1381241521.789910000,194
173.194.36.33,172.16.47.254,6,1381241521.789926000,0
172.16.47.254,173.194.36.33,6,1381241521.789939000,0
172.16.47.254,173.194.36.33,6,1381241521.790090000,386
74.125.236.99,172.16.47.254,6,1381241521.790164000,0
173.194.36.33,172.16.47.254,6,1381241521.790258000,0
172.16.47.108,224.0.0.252,17,1381241521.867533000,21
172.16.47.254,173.194.36.53,6,1381241521.871512000,1460
172.16.47.254,173.194.36.53,6,1381241521.871537000,901
173.194.36.53,172.16.47.254,6,1381241521.871753000,0
172.16.47.193,172.16.47.255,17,1381241521.873920000,50
172.16.47.254,173.194.36.53,6,1381241521.876671000,1460
172.16.47.254,173.194.36.53,6,1381241521.876683000,1175
173.194.36.53,172.16.47.254,6,1381241521.876895000,0
172.16.47.254,173.194.36.53,6,1381241521.901116000,1460
172.16.47.254,173.194.36.53,6,1381241521.901128000,1175
173.194.36.53,172.16.47.254,6,1381241521.901358000,0
172.16.47.254,173.194.36.33,6,1381241521.954385000,0
173.194.36.33,172.16.47.254,6,1381241521.954634000,0
172.16.47.254,173.194.36.33,6,1381241521.954676000,0
172.16.47.254,173.194.36.33,6,1381241521.954934000,386
173.194.36.33,172.16.47.254,6,1381241521.955121000,0
172.16.47.254,74.125.236.111,6,1381241521.975489000,0
172.16.47.254,74.125.236.111,6,1381241521.975684000,0
172.16.46.112,224.0.0.252,17,1381241521.975703000,24
74.125.236.111,172.16.47.254,6,1381241521.975856000,0
172.16.47.254,74.125.236.111,6,1381241521.975879000,0
172.16.46.112,224.0.0.252,17,1381241521.975891000,24
172.16.47.254,74.125.236.111,6,1381241521.976174000,190
74.125.236.111,172.16.47.254,6,1381241521.976309000,0
172.16.47.114,172.16.47.255,17,1381241522.021563000,68
172.16.47.254,173.194.36.53,6,1381241522.037379000,1460
172.16.47.254,173.194.36.53,6,1381241522.037389000,633
173.194.36.53,172.16.47.254,6,1381241522.037685000,0
172.16.47.254,173.194.36.53,6,1381241522.045248000,1460
172.16.47.254,173.194.36.53,6,1381241522.045257000,791
173.194.36.53,172.16.47.254,6,1381241522.045490000,0
172.16.46.112,172.16.47.255,17,1381241522.093024000,50
172.16.46.112,224.0.0.252,17,1381241522.093882000,24
172.16.46.112,172.16.47.255,17,1381241522.094420000,50
17.172.232.209,172.16.46.234,6,1381241522.094760000,37
172.16.46.112,224.0.0.252,17,1381241522.095162000,24
172.16.47.155,172.16.47.255,17,1381241522.154436000,50
172.16.47.155,224.0.0.252,17,1381241522.156045000,24
172.16.47.254,172.16.0.30,17,1381241522.165346000,34
172.16.47.254,172.16.0.30,17,1381241522.165371000,34
172.16.0.30,172.16.47.254,17,1381241522.165567000,66
172.16.0.30,172.16.47.254,17,1381241522.165634000,34
172.16.47.108,172.16.47.255,17,1381241522.206889000,50
172.16.46.112,172.16.47.255,17,1381241522.315426000,50
172.16.46.112,172.16.47.255,17,1381241522.315452000,50
172.16.47.226,172.16.47.255,17,1381241522.344268000,50
173.194.36.53,172.16.47.254,6,1381241522.369426000,230
172.16.47.254,173.194.36.53,6,1381241522.369451000,0
173.194.36.53,172.16.47.254,6,1381241522.386132000,71
172.16.47.254,173.194.36.53,6,1381241522.386167000,0
173.194.36.53,172.16.47.254,6,1381241522.386543000,392
172.16.47.254,173.194.36.53,6,1381241522.386559000,0
74.125.236.180,172.16.47.254,6,1381241522.409982000,1430
172.16.47.254,74.125.236.180,6,1381241522.410025000,0
74.125.236.180,172.16.47.254,6,1381241522.410031000,1460
172.16.47.254,74.125.236.180,6,1381241522.410035000,0
74.125.236.180,172.16.47.254,6,1381241522.410184000,661
172.16.47.254,74.125.236.180,6,1381241522.410207000,0
172.16.47.254,74.125.236.180,6,1381241522.422063000,294
74.125.236.180,172.16.47.254,6,1381241522.422218000,0
172.16.47.254,74.125.236.180,6,1381241522.422453000,53
172.16.47.254,74.125.236.180,6,1381241522.422495000,61
74.125.236.180,172.16.47.254,6,1381241522.422616000,0
74.125.236.180,172.16.47.254,6,1381241522.422667000,0
172.16.47.254,74.125.236.180,6,1381241522.422843000,1460
172.16.47.254,74.125.236.180,6,1381241522.422848000,28
74.125.236.180,172.16.47.254,6,1381241522.423050000,0
74.125.236.180,172.16.47.254,6,1381241522.423054000,0
74.125.236.111,172.16.47.254,6,1381241522.440345000,1430
172.16.47.254,74.125.236.111,6,1381241522.440367000,0
74.125.236.111,172.16.47.254,6,1381241522.440767000,2420
172.16.47.254,74.125.236.111,6,1381241522.440785000,0
172.16.47.254,74.125.236.111,6,1381241522.446021000,0
172.16.47.254,74.125.236.111,6,1381241522.446189000,0
74.125.236.111,172.16.47.254,6,1381241522.446401000,0
172.16.47.254,74.125.236.111,6,1381241522.446419000,0
172.16.47.254,74.125.236.111,6,1381241522.448206000,294
172.16.47.254,173.194.36.53,6,1381241522.448353000,1460
172.16.47.254,173.194.36.53,6,1381241522.448359000,1060
74.125.236.111,172.16.47.254,6,1381241522.448372000,0
172.16.47.254,74.125.236.111,6,1381241522.448383000,190
172.16.47.254,74.125.236.111,6,1381241522.448466000,53
173.194.36.53,172.16.47.254,6,1381241522.448540000,0
74.125.236.111,172.16.47.254,6,1381241522.448546000,0
172.16.47.254,74.125.236.111,6,1381241522.448550000,61
74.125.236.111,172.16.47.254,6,1381241522.448609000,0
74.125.236.111,172.16.47.254,6,1381241522.448688000,0
172.16.47.254,74.125.236.111,6,1381241522.448760000,406
74.125.236.111,172.16.47.254,6,1381241522.448945000,0
172.16.47.226,172.16.47.255,17,1381241522.453504000,50
172.16.46.239,224.0.0.252,17,1381241522.466757000,90
173.194.36.53,172.16.47.254,6,1381241522.480092000,115
172.16.47.254,173.194.36.53,6,1381241522.480128000,0
173.194.36.53,172.16.47.254,6,1381241522.480348000,43
172.16.47.254,173.194.36.53,6,1381241522.480357000,0
173.194.36.53,172.16.47.254,6,1381241522.480883000,450
172.16.47.254,173.194.36.53,6,1381241522.480915000,0
172.16.47.72,172.16.47.255,17,1381241522.491720000,50
172.16.46.112,224.0.0.252,17,1381241522.505020000,24
172.16.46.112,224.0.0.252,17,1381241522.505239000,24
74.125.236.180,172.16.47.254,6,1381241522.505980000,279
74.125.236.99,172.16.47.254,6,1381241522.525555000,1430
172.16.47.254,74.125.236.99,6,1381241522.525623000,0
74.125.236.99,172.16.47.254,6,1381241522.525638000,1460
172.16.47.254,74.125.236.99,6,1381241522.525646000,0
74.125.236.99,172.16.47.254,6,1381241522.526120000,962
172.16.47.254,74.125.236.99,6,1381241522.526138000,0
173.194.36.33,172.16.47.254,6,1381241522.527390000,173
172.16.47.254,173.194.36.33,6,1381241522.527432000,0
172.16.47.254,74.125.236.99,6,1381241522.542998000,294
74.125.236.99,172.16.47.254,6,1381241522.543199000,0
172.16.47.254,74.125.236.180,6,1381241522.545048000,0
172.16.47.254,173.194.36.33,6,1381241522.545219000,219
172.16.47.254,74.125.236.99,6,1381241522.545296000,53
173.194.36.33,172.16.47.254,6,1381241522.545549000,0
74.125.236.99,172.16.47.254,6,1381241522.545581000,0
172.16.47.254,74.125.236.99,6,1381241522.545993000,61
172.16.47.254,173.194.36.33,6,1381241522.546070000,53
74.125.236.99,172.16.47.254,6,1381241522.546202000,0
173.194.36.33,172.16.47.254,6,1381241522.546222000,0
74.125.236.111,172.16.47.254,6,1381241522.546768000,226
172.16.47.254,173.194.36.33,6,1381241522.547148000,61
173.194.36.33,172.16.47.254,6,1381241522.547354000,0
172.16.47.254,74.125.236.99,6,1381241522.548051000,1416
172.16.47.254,173.194.36.33,6,1381241522.548184000,1460
172.16.47.254,173.194.36.33,6,1381241522.548189000,120
74.125.236.99,172.16.47.254,6,1381241522.548301000,0
173.194.36.33,172.16.47.254,6,1381241522.548467000,0
173.194.36.33,172.16.47.254,6,1381241522.548495000,0
172.16.47.254,173.194.36.33,6,1381241522.548872000,818
172.16.47.254,173.194.36.33,6,1381241522.549129000,142
173.194.36.33,172.16.47.254,6,1381241522.549176000,0
173.194.36.33,172.16.47.254,6,1381241522.549302000,0
173.194.36.53,172.16.47.254,6,1381241522.561990000,59
172.16.47.254,173.194.36.53,6,1381241522.562026000,0
173.194.36.53,172.16.47.254,6,1381241522.562445000,1430
172.16.47.254,173.194.36.53,6,1381241522.562475000,0
173.194.36.53,172.16.47.254,6,1381241522.562494000,2920
172.16.47.254,173.194.36.53,6,1381241522.562504000,0
173.194.36.53,172.16.47.254,6,1381241522.562735000,4010
172.16.47.254,173.194.36.53,6,1381241522.562754000,0
172.16.46.123,224.0.0.252,17,1381241522.565091000,22
172.16.46.239,224.0.0.252,17,1381241522.566688000,90
172.16.47.155,224.0.0.252,17,1381241522.566818000,24
173.194.36.53,172.16.47.254,6,1381241522.574029000,1430
172.16.47.254,173.194.36.53,6,1381241522.574081000,0
173.194.36.53,172.16.47.254,6,1381241522.574619000,1430
172.16.47.254,173.194.36.53,6,1381241522.574652000,0
172.16.47.254,74.125.236.111,6,1381241522.585077000,0
74.125.236.111,172.16.47.254,6,1381241522.585759000,53
172.16.47.254,74.125.236.111,6,1381241522.585895000,0
74.125.236.180,172.16.47.254,6,1381241522.638451000,229
172.16.47.254,74.125.236.180,6,1381241522.638503000,0
74.125.236.99,172.16.47.254,6,1381241522.640806000,295
173.194.36.33,172.16.47.254,6,1381241522.643301000,53
74.125.236.111,172.16.47.254,6,1381241522.643333000,148
172.16.47.254,74.125.236.111,6,1381241522.643349000,0
74.125.236.111,172.16.47.254,6,1381241522.643522000,33
172.16.47.254,74.125.236.111,6,1381241522.643674000,0
172.16.46.123,224.0.0.252,17,1381241522.664583000,22
172.16.47.254,74.125.236.99,6,1381241522.677101000,0
172.16.46.123,224.0.0.252,17,1381241522.680242000,22
172.16.47.254,173.194.36.33,6,1381241522.681053000,0
173.194.36.53,172.16.47.254,6,1381241522.695919000,2849
172.16.47.254,173.194.36.53,6,1381241522.695974000,0
172.16.47.254,173.194.36.53,6,1381241522.725557000,1460
172.16.47.254,173.194.36.53,6,1381241522.725569000,1460
172.16.47.254,173.194.36.53,6,1381241522.725572000,149
173.194.36.53,172.16.47.254,6,1381241522.725825000,0
172.16.46.123,224.0.0.252,17,1381241522.780609000,22
172.16.47.114,172.16.47.255,17,1381241522.785976000,68
172.16.46.112,172.16.47.255,17,1381241522.844157000,50
172.16.46.112,172.16.47.255,17,1381241522.844990000,50
74.125.236.99,172.16.47.254,6,1381241522.847475000,267
172.16.47.254,74.125.236.99,6,1381241522.847533000,0
172.16.46.123,172.16.47.255,17,1381241522.864439000,50
173.194.36.33,172.16.47.254,6,1381241522.892736000,173
172.16.47.254,173.194.36.33,6,1381241522.892786000,0
172.16.47.254,173.194.36.33,6,1381241522.899290000,219
173.194.36.33,172.16.47.254,6,1381241522.899500000,0
172.16.47.155,172.16.47.255,17,1381241522.906692000,50
74.125.236.111,172.16.47.254,6,1381241522.932661000,3852
172.16.47.254,74.125.236.111,6,1381241522.932714000,0
172.16.47.254,74.125.236.111,6,1381241522.950479000,294
74.125.236.111,172.16.47.254,6,1381241522.950673000,0
172.16.47.254,74.125.236.111,6,1381241522.951663000,253
74.125.236.111,172.16.47.254,6,1381241522.951894000,0
172.16.47.108,172.16.47.255,17,1381241522.957407000,50
172.16.46.123,172.16.47.255,17,1381241522.980699000,50
173.194.36.33,172.16.47.254,6,1381241522.983239000,926
172.16.47.254,173.194.36.33,6,1381241522.983294000,0
173.194.36.33,172.16.47.254,6,1381241522.983741000,1174
172.16.47.254,173.194.36.33,6,1381241522.983767000,0
173.194.36.33,172.16.47.254,6,1381241522.983780000,1460
172.16.47.254,173.194.36.33,6,1381241522.983792000,0
173.194.36.33,172.16.47.254,6,1381241522.984203000,1070
172.16.47.254,173.194.36.33,6,1381241522.984220000,0
173.194.36.33,172.16.47.254,6,1381241522.987328000,76
172.16.47.254,173.194.36.33,6,1381241522.987357000,0
173.194.36.33,172.16.47.254,6,1381241522.995469000,53
173.194.36.33,172.16.47.254,6,1381241523.019119000,271
172.16.47.254,173.194.36.33,6,1381241523.019134000,0
173.194.36.33,172.16.47.254,6,1381241523.019324000,43
172.16.47.254,173.194.36.33,6,1381241523.019331000,0
173.194.36.33,172.16.47.254,6,1381241523.022657000,71
172.16.47.254,173.194.36.33,6,1381241523.022665000,0
173.194.36.33,172.16.47.254,6,1381241523.022849000,33
172.16.47.254,173.194.36.33,6,1381241523.022854000,0
172.16.47.254,173.194.36.33,6,1381241523.033051000,0
173.194.36.53,172.16.47.254,6,1381241523.043873000,74
74.125.236.111,172.16.47.254,6,1381241523.045496000,279
172.16.46.112,172.16.47.255,17,1381241523.065620000,50
172.16.46.112,172.16.47.255,17,1381241523.065641000,50
172.16.46.112,172.16.47.255,17,1381241523.066036000,50
172.16.46.112,172.16.47.255,17,1381241523.066049000,50
172.16.46.112,224.0.0.252,17,1381241523.066439000,24
172.16.46.112,224.0.0.252,17,1381241523.066622000,24
172.16.47.254,173.194.36.53,6,1381241523.081093000,0
173.194.36.53,172.16.47.254,6,1381241523.081332000,53
172.16.47.254,173.194.36.53,6,1381241523.081365000,0
172.16.47.254,74.125.236.111,6,1381241523.085074000,0
172.16.46.112,172.16.47.255,17,1381241523.096590000,50
172.16.46.112,172.16.47.255,17,1381241523.096601000,50
172.16.46.112,224.0.0.252,17,1381241523.097300000,24
172.16.46.112,224.0.0.252,17,1381241523.097482000,24
74.125.236.111,172.16.47.254,6,1381241523.101729000,166
172.16.47.254,74.125.236.111,6,1381241523.101796000,0
172.16.47.254,74.125.236.125,6,1381241523.141973000,0
172.16.47.254,74.125.236.125,6,1381241523.142149000,0
74.125.236.125,172.16.47.254,6,1381241523.142377000,0
172.16.47.254,74.125.236.125,6,1381241523.142399000,0
172.16.47.254,74.125.236.125,6,1381241523.142628000,202
74.125.236.125,172.16.47.254,6,1381241523.142848000,0
172.16.47.72,172.16.47.255,17,1381241523.250883000,50
173.194.36.53,172.16.47.254,6,1381241523.329997000,69
172.16.47.254,173.194.36.53,6,1381241523.330038000,0
173.194.36.53,172.16.47.254,6,1381241523.330444000,1225
172.16.47.254,173.194.36.53,6,1381241523.330465000,0
172.16.47.254,173.194.36.53,6,1381241523.354391000,1460
172.16.47.254,173.194.36.53,6,1381241523.354422000,1391
173.194.36.53,172.16.47.254,6,1381241523.354670000,0
172.16.46.112,224.0.0.252,17,1381241523.508084000,24
172.16.46.112,224.0.0.252,17,1381241523.508275000,24
172.16.46.112,224.0.0.252,17,1381241523.508405000,24
172.16.46.112,224.0.0.252,17,1381241523.508604000,24
17.172.232.209,172.16.46.234,6,1381241523.508877000,37
172.16.46.112,172.16.47.255,17,1381241523.594812000,50
172.16.46.112,172.16.47.255,17,1381241523.595550000,50
172.16.46.123,172.16.47.255,17,1381241523.614219000,50
74.125.236.125,172.16.47.254,6,1381241523.641265000,1430
172.16.47.254,74.125.236.125,6,1381241523.641326000,0
74.125.236.125,172.16.47.254,6,1381241523.641674000,2255
172.16.47.254,74.125.236.125,6,1381241523.641693000,0
172.16.47.254,74.125.236.125,6,1381241523.657611000,294
74.125.236.125,172.16.47.254,6,1381241523.657832000,0
172.16.47.254,74.125.236.125,6,1381241523.658421000,53
172.16.47.254,74.125.236.125,6,1381241523.658522000,61
74.125.236.125,172.16.47.254,6,1381241523.658584000,0
74.125.236.125,172.16.47.254,6,1381241523.658639000,0
172.16.47.254,74.125.236.125,6,1381241523.659216000,1460
172.16.47.254,74.125.236.125,6,1381241523.659235000,583
74.125.236.125,172.16.47.254,6,1381241523.659430000,0
74.125.236.125,172.16.47.254,6,1381241523.659445000,0
172.16.47.155,172.16.47.255,17,1381241523.706689000,50
172.16.47.114,172.16.47.255,17,1381241523.717935000,201
172.16.46.123,172.16.47.255,17,1381241523.730271000,50
74.125.236.125,172.16.47.254,6,1381241523.756659000,242
172.16.47.254,74.125.236.125,6,1381241523.793078000,0
74.125.236.125,172.16.47.254,6,1381241523.793242000,53
172.16.47.254,74.125.236.125,6,1381241523.793349000,0
172.16.46.112,172.16.47.255,17,1381241523.815792000,50
172.16.46.112,172.16.47.255,17,1381241523.815803000,50
172.16.46.112,172.16.47.255,17,1381241523.847778000,50
172.16.46.112,172.16.47.255,17,1381241523.847788000,50
74.125.236.125,172.16.47.254,6,1381241524.069102000,356
172.16.47.254,74.125.236.125,6,1381241524.069122000,0
172.16.46.205,172.16.47.255,17,1381241524.095425000,50
172.16.46.205,224.0.0.252,17,1381241524.096438000,22
172.16.47.254,173.194.36.53,6,1381241524.108725000,1460
172.16.47.254,173.194.36.53,6,1381241524.108749000,1266
173.194.36.53,172.16.47.254,6,1381241524.108985000,0
173.194.36.53,172.16.47.254,6,1381241524.256604000,1433
172.16.47.254,173.194.36.53,6,1381241524.267050000,1460
172.16.47.254,173.194.36.53,6,1381241524.267069000,1062
173.194.36.53,172.16.47.254,6,1381241524.267309000,0
172.16.46.19,255.255.255.255,17,1381241524.363068000,40
172.16.46.123,172.16.47.255,17,1381241524.364283000,50
172.16.46.123,172.16.47.255,17,1381241524.480284000,50
172.16.46.205,224.0.0.252,17,1381241524.509352000,22
172.16.46.112,172.16.47.255,17,1381241524.565341000,50
172.16.46.112,172.16.47.255,17,1381241524.565352000,50
172.16.46.112,224.0.0.252,17,1381241524.566078000,24
172.16.46.112,224.0.0.252,17,1381241524.566264000,24
172.16.46.112,172.16.47.255,17,1381241524.566399000,50
172.16.46.112,172.16.47.255,17,1381241524.566406000,50
172.16.46.112,172.16.47.255,17,1381241524.598546000,50
172.16.46.112,172.16.47.255,17,1381241524.598555000,50
172.16.47.254,173.194.36.53,6,1381241524.641033000,1460
172.16.47.254,173.194.36.53,6,1381241524.641069000,975
172.16.47.254,173.194.36.53,6,1381241524.641217000,162
173.194.36.53,172.16.47.254,6,1381241524.641323000,0
173.194.36.53,172.16.47.254,6,1381241524.679567000,0
173.194.36.53,172.16.47.254,6,1381241524.720026000,95
172.16.47.254,173.194.36.53,6,1381241524.723027000,41
173.194.36.53,172.16.47.254,6,1381241524.723225000,0
172.16.47.254,173.194.36.53,6,1381241524.729616000,1460
172.16.47.254,173.194.36.53,6,1381241524.729627000,927
172.16.47.254,173.194.36.53,6,1381241524.729723000,40
173.194.36.53,172.16.47.254,6,1381241524.729896000,0
173.194.36.53,172.16.47.254,6,1381241524.729911000,0
173.194.36.53,172.16.47.254,6,1381241524.729922000,0
172.16.47.147,224.0.0.252,17,1381241524.822725000,22
172.16.46.205,172.16.47.255,17,1381241524.845925000,50
172.16.47.147,224.0.0.252,17,1381241524.922682000,22
172.16.46.205,172.16.47.255,17,1381241524.924937000,50
172.16.46.205,224.0.0.252,17,1381241524.925933000,22
172.16.46.112,224.0.0.252,17,1381241524.987329000,24
172.16.46.112,224.0.0.252,17,1381241524.987512000,24
172.16.47.254,172.16.0.30,17,1381241525.051796000,34
172.16.47.254,172.16.0.30,17,1381241525.051862000,34
172.16.0.30,172.16.47.254,17,1381241525.052069000,66
172.16.0.30,172.16.47.254,17,1381241525.052100000,34
173.194.36.53,172.16.47.254,6,1381241525.073429000,64
173.194.36.53,172.16.47.254,6,1381241525.074079000,1460
172.16.47.254,173.194.36.53,6,1381241525.074108000,0
173.194.36.53,172.16.47.254,6,1381241525.074538000,1400
172.16.46.112,172.16.47.255,17,1381241525.098690000,50
172.16.46.112,172.16.47.255,17,1381241525.098714000,50
172.16.46.112,224.0.0.252,17,1381241525.099421000,24
172.16.46.112,224.0.0.252,17,1381241525.099608000,24
172.16.47.254,173.194.36.53,6,1381241525.113083000,0
173.194.36.53,172.16.47.254,6,1381241525.113474000,1321
172.16.47.254,173.194.36.53,6,1381241525.113514000,0
172.16.47.147,172.16.47.255,17,1381241525.122780000,50
173.194.36.53,172.16.47.254,6,1381241525.271152000,4096
172.16.47.254,173.194.36.53,6,1381241525.271206000,0
173.194.36.53,172.16.47.254,6,1381241525.271222000,2920
172.16.47.254,173.194.36.53,6,1381241525.271231000,0
173.194.36.53,172.16.47.254,6,1381241525.271771000,442
172.16.47.254,173.194.36.53,6,1381241525.271800000,0
172.16.47.254,173.194.36.53,6,1381241525.300207000,1460
172.16.47.254,173.194.36.53,6,1381241525.300238000,1070
173.194.36.53,172.16.47.254,6,1381241525.300456000,0
173.194.36.53,172.16.47.254,6,1381241525.300484000,0
172.16.46.112,172.16.47.255,17,1381241525.315277000,50
172.16.46.112,172.16.47.255,17,1381241525.315301000,50
172.16.46.205,224.0.0.252,17,1381241525.335859000,22
173.194.36.53,172.16.47.254,6,1381241525.354114000,71
172.16.47.254,173.194.36.53,6,1381241525.393093000,0
173.194.36.53,172.16.47.254,6,1381241525.393539000,778
172.16.47.254,173.194.36.53,6,1381241525.393583000,0
172.16.47.254,173.194.36.53,6,1381241525.429499000,1460
172.16.47.254,173.194.36.53,6,1381241525.429512000,807
173.194.36.53,172.16.47.254,6,1381241525.430739000,0
173.194.36.53,172.16.47.254,6,1381241525.430754000,0
172.16.47.254,173.194.36.53,6,1381241525.436519000,1460
172.16.47.254,173.194.36.53,6,1381241525.436548000,908
173.194.36.53,172.16.47.254,6,1381241525.436752000,0
173.194.36.53,172.16.47.254,6,1381241525.436774000,0
172.16.47.254,173.194.36.53,6,1381241525.436813000,484
173.194.36.53,172.16.47.254,6,1381241525.437040000,0
172.16.46.112,224.0.0.252,17,1381241525.510035000,24
172.16.46.112,224.0.0.252,17,1381241525.510225000,24
172.16.47.254,173.194.36.53,6,1381241525.593446000,1460
172.16.47.254,173.194.36.53,6,1381241525.593476000,717
173.194.36.53,172.16.47.254,6,1381241525.593674000,0
173.194.36.53,172.16.47.254,6,1381241525.593706000,0
172.16.46.205,172.16.47.255,17,1381241525.596591000,50
172.16.46.205,172.16.47.255,17,1381241525.674638000,50
172.16.46.112,172.16.47.255,17,1381241525.848706000,50
172.16.46.112,172.16.47.255,17,1381241525.848730000,50
172.16.47.147,172.16.47.255,17,1381241525.872383000,50
173.194.36.53,172.16.47.254,6,1381241525.938081000,56
173.194.36.53,172.16.47.254,6,1381241525.938633000,2920
172.16.47.254,173.194.36.53,6,1381241525.938668000,0
173.194.36.53,172.16.47.254,6,1381241525.939087000,1035
172.16.46.208,255.255.255.255,17,1381241525.944403000,114
172.16.46.208,255.255.255.255,17,1381241525.948361000,114
172.16.46.208,172.16.47.255,17,1381241525.948385000,114
172.16.47.254,173.194.36.53,6,1381241525.977084000,0
173.194.36.53,172.16.47.254,6,1381241526.039589000,52
172.16.47.254,173.194.36.53,6,1381241526.039647000,0
173.194.36.53,172.16.47.254,6,1381241526.039887000,1473
172.16.47.254,173.194.36.53,6,1381241526.039916000,0
173.194.36.53,172.16.47.254,6,1381241526.039932000,1460
172.16.47.254,173.194.36.53,6,1381241526.039944000,0
173.194.36.53,172.16.47.254,6,1381241526.040154000,1291
172.16.47.254,173.194.36.53,6,1381241526.040171000,0
173.194.36.53,172.16.47.254,6,1381241526.040652000,1430
172.16.47.254,173.194.36.53,6,1381241526.040682000,0
172.16.46.112,172.16.47.255,17,1381241526.065537000,50
172.16.46.112,172.16.47.255,17,1381241526.065563000,50
172.16.46.112,172.16.47.255,17,1381241526.065828000,50
172.16.46.112,172.16.47.255,17,1381241526.065846000,50
172.16.46.112,224.0.0.252,17,1381241526.066337000,24
172.16.46.112,224.0.0.252,17,1381241526.066429000,24
172.16.46.112,172.16.47.255,17,1381241526.096470000,50
172.16.46.112,172.16.47.255,17,1381241526.096494000,50
172.16.46.112,224.0.0.252,17,1381241526.097069000,24
172.16.46.112,224.0.0.252,17,1381241526.097276000,24
173.194.36.53,172.16.47.254,6,1381241526.136171000,1430
172.16.47.254,173.194.36.53,6,1381241526.136215000,0
173.194.36.53,172.16.47.254,6,1381241526.136668000,1430
172.16.47.254,173.194.36.53,6,1381241526.136697000,0
173.194.36.53,172.16.47.254,6,1381241526.138055000,1430
172.16.47.254,173.194.36.53,6,1381241526.138083000,0
173.194.36.53,172.16.47.254,6,1381241526.138509000,1430
172.16.47.254,173.194.36.53,6,1381241526.138518000,0
173.194.36.53,172.16.47.254,6,1381241526.139129000,1430
172.16.47.254,173.194.36.53,6,1381241526.139141000,0
173.194.36.53,172.16.47.254,6,1381241526.139613000,1430
172.16.47.254,173.194.36.53,6,1381241526.139640000,0
173.194.36.53,172.16.47.254,6,1381241526.233941000,1430
172.16.47.254,173.194.36.53,6,1381241526.233983000,0
173.194.36.53,172.16.47.254,6,1381241526.234461000,1430
172.16.47.254,173.194.36.53,6,1381241526.234498000,0
173.194.36.53,172.16.47.254,6,1381241526.235927000,460
172.16.47.254,173.194.36.53,6,1381241526.235957000,0
173.194.36.53,172.16.47.254,6,1381241526.273335000,963
172.16.47.254,173.194.36.53,6,1381241526.273352000,0
173.194.36.53,172.16.47.254,6,1381241526.273755000,133
172.16.47.254,173.194.36.53,6,1381241526.273791000,0
17.172.232.209,172.16.46.234,6,1381241526.327872000,37
173.194.36.53,172.16.47.254,6,1381241526.387841000,82
172.16.47.254,173.194.36.53,6,1381241526.387903000,0
173.194.36.53,172.16.47.254,6,1381241526.388084000,2920
172.16.47.254,173.194.36.53,6,1381241526.388101000,0
173.194.36.53,172.16.47.254,6,1381241526.388352000,1261
172.16.47.254,173.194.36.53,6,1381241526.388581000,0
173.194.36.53,172.16.47.254,6,1381241526.389014000,1430
172.16.47.254,173.194.36.53,6,1381241526.389029000,0
172.16.46.205,172.16.47.255,17,1381241526.425171000,50
172.16.47.254,173.194.36.53,6,1381241526.427479000,41
173.194.36.53,172.16.47.254,6,1381241526.427662000,0
172.16.47.254,173.194.36.53,6,1381241526.428792000,41
173.194.36.53,172.16.47.254,6,1381241526.429017000,0
172.16.47.254,173.194.36.53,6,1381241526.431374000,1460
172.16.47.254,173.194.36.53,6,1381241526.431384000,812
173.194.36.53,172.16.47.254,6,1381241526.431606000,0
173.194.36.53,172.16.47.254,6,1381241526.431616000,0
172.16.47.108,172.16.47.255,17,1381241526.446304000,50
172.16.47.254,173.194.36.53,6,1381241526.446759000,41
172.16.47.108,224.0.0.252,17,1381241526.447706000,21
173.194.36.53,172.16.47.254,6,1381241526.447920000,0
173.194.36.53,172.16.47.254,6,1381241526.486500000,1430
172.16.46.112,224.0.0.252,17,1381241526.507906000,24
172.16.46.112,224.0.0.252,17,1381241526.508149000,24
172.16.46.112,224.0.0.252,17,1381241526.508286000,24
172.16.46.112,224.0.0.252,17,1381241526.508496000,24
172.16.47.254,173.194.36.53,6,1381241526.525088000,0
173.194.36.53,172.16.47.254,6,1381241526.525511000,1430
172.16.47.254,173.194.36.53,6,1381241526.565132000,0
172.16.47.114,224.0.0.252,17,1381241526.577940000,24
172.16.46.112,172.16.47.255,17,1381241526.599262000,50
172.16.46.112,172.16.47.255,17,1381241526.599288000,50
172.16.47.147,172.16.47.255,17,1381241526.622357000,50
172.16.47.114,224.0.0.252,17,1381241526.686588000,24
173.194.36.53,172.16.47.254,6,1381241526.718776000,1430
173.194.36.53,172.16.47.254,6,1381241526.718846000,7300
172.16.47.254,173.194.36.53,6,1381241526.718913000,0
173.194.36.53,172.16.47.254,6,1381241526.719310000,1280
172.16.47.254,173.194.36.53,6,1381241526.719354000,0
172.16.47.254,173.194.36.36,6,1381241526.743817000,0
172.16.47.254,173.194.36.42,6,1381241526.744152000,0
172.16.47.254,173.194.36.33,6,1381241526.744391000,0
172.16.47.254,74.125.236.111,6,1381241526.745129000,0
172.16.46.112,172.16.47.255,17,1381241526.815497000,50
172.16.46.112,172.16.47.255,17,1381241526.815529000,50
173.194.36.53,172.16.47.254,6,1381241526.817928000,1430
172.16.47.254,173.194.36.53,6,1381241526.818062000,0
173.194.36.53,172.16.47.254,6,1381241526.818278000,1460
173.194.36.53,172.16.47.254,6,1381241526.818568000,1400
172.16.47.254,173.194.36.53,6,1381241526.818675000,0
172.16.46.112,172.16.47.255,17,1381241526.846672000,50
172.16.46.112,172.16.47.255,17,1381241526.846690000,50
172.16.47.108,224.0.0.252,17,1381241526.858202000,21
172.16.47.114,172.16.47.255,17,1381241526.889567000,50
173.194.36.53,172.16.47.254,6,1381241526.915519000,1430
173.194.36.53,172.16.47.254,6,1381241526.915575000,4380
172.16.47.254,173.194.36.53,6,1381241526.915694000,0
173.194.36.53,172.16.47.254,6,1381241526.916151000,761
172.16.47.254,173.194.36.53,6,1381241526.916238000,0
74.125.135.125,172.16.47.254,6,1381241527.045491000,26
172.16.47.254,74.125.135.125,6,1381241527.045547000,0
172.16.47.169,224.0.0.252,17,1381241527.116422000,22
172.16.47.169,224.0.0.252,17,1381241527.142961000,22
172.16.47.108,172.16.47.255,17,1381241527.196908000,50
172.16.47.169,224.0.0.252,17,1381241527.215713000,22
172.16.47.169,224.0.0.252,17,1381241527.243184000,22
172.16.47.226,224.0.0.252,17,1381241527.351923000,22
172.16.47.147,224.0.0.252,17,1381241527.373592000,22
172.16.47.169,172.16.47.255,17,1381241527.416415000,50
172.16.47.169,172.16.47.255,17,1381241527.443207000,50
172.16.47.226,224.0.0.252,17,1381241527.450981000,22
172.16.47.147,224.0.0.252,17,1381241527.472706000,22
172.16.46.112,172.16.47.255,17,1381241527.567281000,50
172.16.46.112,172.16.47.255,17,1381241527.567294000,50
172.16.46.112,172.16.47.255,17,1381241527.567998000,50
172.16.46.112,172.16.47.255,17,1381241527.568007000,50
172.16.46.112,224.0.0.252,17,1381241527.568699000,24
172.16.46.112,224.0.0.252,17,1381241527.568826000,24
172.16.46.112,172.16.47.255,17,1381241527.597367000,50
172.16.46.112,172.16.47.255,17,1381241527.597398000,50
172.16.47.114,172.16.47.255,17,1381241527.653338000,50
172.16.47.226,172.16.47.255,17,1381241527.654089000,50
172.16.47.147,172.16.47.255,17,1381241527.672903000,50
172.16.47.108,172.16.47.255,17,1381241527.949828000,50
172.16.46.112,224.0.0.252,17,1381241527.979214000,24
172.16.46.112,224.0.0.252,17,1381241527.979408000,24
172.16.46.112,172.16.47.255,17,1381241528.100194000,50
172.16.46.112,172.16.47.255,17,1381241528.100218000,50
172.16.46.112,224.0.0.252,17,1381241528.101588000,24
172.16.46.112,224.0.0.252,17,1381241528.101737000,24
172.16.47.169,172.16.47.255,17,1381241528.165688000,50
172.16.47.169,172.16.47.255,17,1381241528.192812000,50
172.16.46.112,172.16.47.255,17,1381241528.318895000,50
172.16.46.112,172.16.47.255,17,1381241528.318923000,50
172.16.46.19,172.16.47.255,17,1381241528.380552000,40
172.16.47.114,172.16.47.255,17,1381241528.417867000,50
172.16.47.226,172.16.47.255,17,1381241528.417898000,50
172.16.47.147,172.16.47.255,17,1381241528.422473000,50
172.16.47.66,172.16.47.255,17,1381241528.466120000,50
172.16.47.66,224.0.0.252,17,1381241528.466535000,22
172.16.46.112,224.0.0.252,17,1381241528.511447000,24
172.16.46.112,224.0.0.252,17,1381241528.511637000,24
172.16.46.176,255.255.255.255,17,1381241528.589635000,112
172.16.46.176,255.255.255.255,17,1381241528.592723000,112
172.16.46.176,255.255.255.255,17,1381241528.592996000,112
172.16.46.176,172.16.255.255,17,1381241528.593017000,112
172.16.46.112,172.16.47.255,17,1381241528.850371000,50
172.16.46.112,172.16.47.255,17,1381241528.850393000,50
172.16.47.66,224.0.0.252,17,1381241528.875765000,22
172.16.47.169,172.16.47.255,17,1381241528.915761000,50
172.16.47.169,172.16.47.255,17,1381241528.942699000,50
172.16.46.239,172.16.47.255,17,1381241528.982531000,50
172.16.46.139,172.16.47.255,17,1381241528.998949000,112
172.16.46.112,172.16.47.255,17,1381241529.066018000,50
172.16.46.112,172.16.47.255,17,1381241529.066042000,50
172.16.46.112,224.0.0.252,17,1381241529.066690000,24
172.16.46.112,224.0.0.252,17,1381241529.066872000,24
172.16.46.112,172.16.47.255,17,1381241529.070664000,50
172.16.46.112,172.16.47.255,17,1381241529.070684000,50
172.16.46.112,172.16.47.255,17,1381241529.100230000,50
172.16.46.112,172.16.47.255,17,1381241529.100246000,50
172.16.46.112,224.0.0.252,17,1381241529.101514000,24
172.16.46.112,224.0.0.252,17,1381241529.101696000,24
172.16.47.147,172.16.47.255,17,1381241529.172526000,50
172.16.47.226,172.16.47.255,17,1381241529.182118000,50
172.16.47.114,224.0.0.252,17,1381241529.183104000,24
172.16.47.66,172.16.47.255,17,1381241529.215327000,50
172.16.47.114,224.0.0.252,17,1381241529.291774000,24
172.16.47.160,172.16.47.254,6,1381241529.360577000,0
172.16.47.254,172.16.47.160,6,1381241529.360625000,0
172.16.47.213,172.16.47.255,17,1381241529.369898000,50
172.16.47.114,172.16.47.255,17,1381241529.494577000,50
172.16.46.112,224.0.0.252,17,1381241529.511289000,24
172.16.46.112,224.0.0.252,17,1381241529.511486000,24
172.16.46.112,224.0.0.252,17,1381241529.511654000,24
172.16.46.112,224.0.0.252,17,1381241529.511812000,24
172.16.47.213,172.16.47.255,17,1381241529.576766000,50
172.16.46.112,172.16.47.255,17,1381241529.601120000,50
172.16.46.112,172.16.47.255,17,1381241529.601134000,50
172.16.46.239,172.16.47.255,17,1381241529.732655000,50
172.16.46.189,224.0.0.252,17,1381241529.793346000,22
172.16.46.189,255.255.255.255,17,1381241529.798365000,300
172.16.46.189,224.0.0.252,17,1381241529.812330000,22
172.16.46.189,224.0.0.252,17,1381241529.814893000,22
172.16.46.112,172.16.47.255,17,1381241529.816122000,50
172.16.46.112,172.16.47.255,17,1381241529.816142000,50
172.16.46.112,172.16.47.255,17,1381241529.851247000,50
172.16.46.112,172.16.47.255,17,1381241529.851271000,50
172.16.47.160,172.16.47.254,6,1381241529.857529000,0
172.16.47.254,172.16.47.160,6,1381241529.857590000,0
172.16.46.189,224.0.0.252,17,1381241529.893478000,22
172.16.46.189,224.0.0.252,17,1381241529.912409000,22
172.16.46.189,224.0.0.252,17,1381241529.914390000,22
172.16.47.66,172.16.47.255,17,1381241529.965282000,50
172.16.46.189,172.16.47.255,17,1381241530.094065000,50
172.16.46.189,172.16.47.255,17,1381241530.112755000,50
172.16.46.189,172.16.47.255,17,1381241530.114651000,50
172.16.46.232,255.255.255.255,17,1381241530.166764000,103
172.16.46.232,172.16.46.255,17,1381241530.166795000,103
172.16.47.213,172.16.47.255,17,1381241530.185971000,50
172.16.47.226,224.0.0.252,17,1381241530.191395000,22
172.16.47.114,172.16.47.255,17,1381241530.258624000,50
172.16.47.226,224.0.0.252,17,1381241530.296331000,22
172.16.47.225,172.16.47.254,6,1381241530.324124000,0
172.16.47.254,172.16.47.225,6,1381241530.324169000,0
172.16.47.160,172.16.47.254,6,1381241530.357401000,0
172.16.47.254,172.16.47.160,6,1381241530.357450000,0
172.16.46.239,172.16.47.255,17,1381241530.482648000,50
172.16.47.226,172.16.47.255,17,1381241530.503088000,50
172.16.46.112,172.16.47.255,17,1381241530.565151000,50
172.16.46.112,224.0.0.252,17,1381241530.565860000,24
172.16.46.112,172.16.47.255,17,1381241530.566236000,50
172.16.46.112,172.16.47.255,17,1381241530.566844000,50
172.16.46.112,224.0.0.252,17,1381241530.566861000,24
172.16.46.112,172.16.47.255,17,1381241530.566865000,50
172.16.47.254,172.16.0.30,17,1381241530.595970000,34
172.16.47.254,172.16.0.30,17,1381241530.596038000,34
172.16.0.30,172.16.47.254,17,1381241530.596263000,66
172.16.0.30,172.16.47.254,17,1381241530.596290000,34
172.16.46.112,172.16.47.255,17,1381241530.602894000,50
172.16.46.112,172.16.47.255,17,1381241530.602925000,50
172.16.47.225,172.16.47.254,6,1381241530.824776000,0
172.16.47.254,172.16.47.225,6,1381241530.824824000,0
172.16.46.189,172.16.47.255,17,1381241530.843525000,50
172.16.46.189,172.16.47.255,17,1381241530.862536000,50
172.16.46.189,172.16.47.255,17,1381241530.864401000,50
172.16.46.112,224.0.0.252,17,1381241530.976645000,24
172.16.46.112,224.0.0.252,17,1381241530.976828000,24
172.16.47.254,172.16.0.30,17,1381241530.983530000,37
172.16.47.114,172.16.47.255,17,1381241531.023130000,50
172.16.0.30,172.16.47.254,17,1381241531.077939000,237
172.16.47.254,74.125.236.99,6,1381241531.079517000,582
74.125.236.99,172.16.47.254,6,1381241531.079740000,0
172.16.47.254,74.125.236.99,6,1381241531.079872000,1460
172.16.47.254,74.125.236.99,6,1381241531.079896000,1425
74.125.236.99,172.16.47.254,6,1381241531.080105000,0
172.16.47.254,74.125.236.99,6,1381241531.080112000,565
74.125.236.99,172.16.47.254,6,1381241531.080115000,0
74.125.236.99,172.16.47.254,6,1381241531.080300000,0
172.16.46.112,172.16.47.255,17,1381241531.101752000,50
172.16.46.112,172.16.47.255,17,1381241531.101776000,50
172.16.46.112,224.0.0.252,17,1381241531.102463000,24
172.16.46.112,224.0.0.252,17,1381241531.102740000,24
172.16.47.226,172.16.47.255,17,1381241531.263087000,50
172.16.46.112,172.16.47.255,17,1381241531.315511000,50
172.16.46.112,172.16.47.255,17,1381241531.316627000,50
172.16.47.225,172.16.47.254,6,1381241531.330982000,0
172.16.47.254,172.16.47.225,6,1381241531.331043000,0
74.125.236.99,172.16.47.254,6,1381241531.377295000,145
172.16.47.254,74.125.236.99,6,1381241531.377361000,0
74.125.236.99,172.16.47.254,6,1381241531.377381000,2920
172.16.47.254,74.125.236.99,6,1381241531.377391000,0
74.125.236.99,172.16.47.254,6,1381241531.377803000,398
172.16.47.254,74.125.236.99,6,1381241531.377834000,0
172.16.47.254,74.125.236.99,6,1381241531.380987000,494
74.125.236.99,172.16.47.254,6,1381241531.381188000,0
172.16.47.254,74.125.236.99,6,1381241531.381351000,1460
172.16.47.254,74.125.236.99,6,1381241531.381377000,416
74.125.236.99,172.16.47.254,6,1381241531.381627000,0
74.125.236.99,172.16.47.254,6,1381241531.381654000,0
172.16.47.108,172.16.47.255,17,1381241531.460814000,50
172.16.47.108,224.0.0.252,17,1381241531.461996000,21
172.16.46.112,224.0.0.252,17,1381241531.513154000,24
172.16.46.112,224.0.0.252,17,1381241531.513308000,24
172.16.46.189,224.0.0.252,17,1381241531.531971000,22
172.16.46.189,224.0.0.252,17,1381241531.550277000,22
